Breed,Breed Group,Height,Weight,Life Expectancy
Affenpinscher,TOY GROUP »,9-11.5 inches,7-10 pounds,12-15 years
Affenpinscher,TOY GROUP »,9-11.5 inches,7-10 pounds,12-15 years
Afghan Hound,HOUND GROUP »,25-27 inches,50-60 pounds,12-18 years
Afghan Hound,HOUND GROUP »,25-27 inches,50-60 pounds,12-18 years
Airedale Terrier,TERRIER GROUP »,23 inches,50-70 pounds,11-14 years
Airedale Terrier,TERRIER GROUP »,23 inches,50-70 pounds,11-14 years
Akita,WORKING GROUP »,26-28 inches (male),100-130 pounds (male),10-14 years
Akita,WORKING GROUP »,26-28 inches (male),100-130 pounds (male),10-14 years
Alaskan Klee Kai,FOUNDATION STOCK SERVICE »,12 - 17 inches,6 - 25 lbs,13-16 years
Alaskan Klee Kai,FOUNDATION STOCK SERVICE »,12 - 17 inches,6 - 25 lbs,13-16 years
Alaskan Malamute,WORKING GROUP »,25 inches (male),85 pounds (male),10-14 years
Alaskan Malamute,WORKING GROUP »,25 inches (male),85 pounds (male),10-14 years
American Bulldog,FOUNDATION STOCK SERVICE »,22-25 inches (males); 20-23 inches (females),75-100 pounds (males); 60-80 pounds (females),10-12 years
American Bulldog,FOUNDATION STOCK SERVICE »,22-25 inches (males); 20-23 inches (females),75-100 pounds (males); 60-80 pounds (females),10-12 years
American English Coonhound,HOUND GROUP »,24-26 inches (male),45-65 pounds,11-12 years
American English Coonhound,HOUND GROUP »,24-26 inches (male),45-65 pounds,11-12 years
American Eskimo Dog,NON-SPORTING GROUP »,9-12 inches (toy),6-10 pounds (toy),13-15 years
American Eskimo Dog,NON-SPORTING GROUP »,9-12 inches (toy),6-10 pounds (toy),13-15 years
American Foxhound,HOUND GROUP »,22-25 inches (male),65-70 pounds (male),11-13 years
American Foxhound,HOUND GROUP »,22-25 inches (male),65-70 pounds (male),11-13 years
American Hairless Terrier,TERRIER GROUP »,12-16 inches,12-28 pounds,14-16 years
American Hairless Terrier,TERRIER GROUP »,12-16 inches,12-28 pounds,14-16 years
American Leopard Hound,FOUNDATION STOCK SERVICE »,22 - 27 males,45 - 75 lbs males,12-15 years
American Leopard Hound,FOUNDATION STOCK SERVICE »,22 - 27 males,45 - 75 lbs males,12-15 years
Affenpinscher,TOY GROUP »,9-11.5 inches,7-10 pounds,12-15 years
American Staffordshire Terrier,TERRIER GROUP »,18-19 inches (male),55-70 pounds (male),12-16 years
American Water Spaniel,SPORTING GROUP »,15-18 inches,30-45 pounds (male),10-14 years
American Water Spaniel,SPORTING GROUP »,15-18 inches,30-45 pounds (male),10-14 years
Anatolian Shepherd Dog,WORKING GROUP »,29 inches (male),110-150 pounds (male),11-13 years
Anatolian Shepherd Dog,WORKING GROUP »,29 inches (male),110-150 pounds (male),11-13 years
Appenzeller Sennenhund,FOUNDATION STOCK SERVICE »,20 -22 inches,48-70 pounds,13-15 years
Appenzeller Sennenhund,FOUNDATION STOCK SERVICE »,20 -22 inches,48-70 pounds,13-15 years
Australian Cattle Dog,HERDING GROUP »,18-20 inches (male),35-50 pounds,12-16 years
Australian Cattle Dog,HERDING GROUP »,18-20 inches (male),35-50 pounds,12-16 years
Australian Kelpie,FOUNDATION STOCK SERVICE »,17-20 inches,35-50 lbs,10-13 years
Australian Kelpie,FOUNDATION STOCK SERVICE »,17-20 inches,35-50 lbs,10-13 years
Australian Shepherd,HERDING GROUP »,20-23 inches (male),50-65 pounds (male),12-15 years
Australian Shepherd,HERDING GROUP »,20-23 inches (male),50-65 pounds (male),12-15 years
Australian Stumpy Tail Cattle Dog,FOUNDATION STOCK SERVICE »,18-20 inches (males),38-45 lbs (males),12-15 years
Australian Stumpy Tail Cattle Dog,FOUNDATION STOCK SERVICE »,18-20 inches (males),38-45 lbs (males),12-15 years
Australian Terrier,TERRIER GROUP »,10-11 inches,15-20 pounds,11-15 years
Australian Terrier,TERRIER GROUP »,10-11 inches,15-20 pounds,11-15 years
Azawakh,HOUND GROUP »,25-29 inches (male),44-55 pounds (male),12-15 years
Azawakh,HOUND GROUP »,25-29 inches (male),44-55 pounds (male),12-15 years
Barbado da Terceira,FOUNDATION STOCK SERVICE »,20 1/2 - 22 inches (males),55-60 lbs (males),12-14 years
Barbado da Terceira,FOUNDATION STOCK SERVICE »,20 1/2 - 22 inches (males),55-60 lbs (males),12-14 years
Barbet,SPORTING GROUP »,19-24.5 inches,35-65 pounds,12-14 years
Barbet,SPORTING GROUP »,19-24.5 inches,35-65 pounds,12-14 years
American Staffordshire Terrier,TERRIER GROUP »,18-19 inches (male),55-70 pounds (male),12-16 years
Basenji,HOUND GROUP »,17 inches (male),24 pounds (male),13-14 years
Basset Fauve de Bretagne,MISCELLANEOUS CLASS »,12.5-15.5 inches,23-39 pounds,13-16 years
Basset Fauve de Bretagne,MISCELLANEOUS CLASS »,12.5-15.5 inches,23-39 pounds,13-16 years
Basset Hound,HOUND GROUP »,up to 15 inches,40-65 pounds,12-13 years
Basset Hound,HOUND GROUP »,up to 15 inches,40-65 pounds,12-13 years
Bavarian Mountain Scent Hound,FOUNDATION STOCK SERVICE »,17-20.5 inches,37-66 pounds,12-15 years
Bavarian Mountain Scent Hound,FOUNDATION STOCK SERVICE »,17-20.5 inches,37-66 pounds,12-15 years
Beagle,HOUND GROUP »,13 inches & under,under 20 pounds (13 inches & under),10-15 years
Beagle,HOUND GROUP »,13 inches & under,under 20 pounds (13 inches & under),10-15 years
Bearded Collie,HERDING GROUP »,21-22 inches (male),45-55 pounds,12-14 years
Bearded Collie,HERDING GROUP »,21-22 inches (male),45-55 pounds,12-14 years
Beauceron,HERDING GROUP »,25.5-27.5 inches (male),70-110 pounds,10-12 years
Beauceron,HERDING GROUP »,25.5-27.5 inches (male),70-110 pounds,10-12 years
Bedlington Terrier,TERRIER GROUP »,15-17.5 inches,17-23 pounds,11-16 years
Bedlington Terrier,TERRIER GROUP »,15-17.5 inches,17-23 pounds,11-16 years
Belgian Laekenois,HERDING GROUP »,24-26 inches (male),55-65 pounds,10-12 years
Belgian Laekenois,HERDING GROUP »,24-26 inches (male),55-65 pounds,10-12 years
Belgian Malinois,HERDING GROUP »,24-26 inches (male),60-80 pounds (male),14-16 years
Belgian Malinois,HERDING GROUP »,24-26 inches (male),60-80 pounds (male),14-16 years
Belgian Sheepdog,HERDING GROUP »,24-26 inches (male),55-75 pounds (male),12-14 years
Belgian Sheepdog,HERDING GROUP »,24-26 inches (male),55-75 pounds (male),12-14 years
Belgian Tervuren,HERDING GROUP »,24-26 inches (male),55-75 pounds (male),12-14 years
Belgian Tervuren,HERDING GROUP »,24-26 inches (male),55-75 pounds (male),12-14 years
Basenji,HOUND GROUP »,17 inches (male),24 pounds (male),13-14 years
Bergamasco Sheepdog,HERDING GROUP »,23.5 inches (male),70-84 pounds (male),13-15 years
Berger Picard,HERDING GROUP »,23.5-25.5 inches (male),50-70 pounds,12-13 years
Berger Picard,HERDING GROUP »,23.5-25.5 inches (male),50-70 pounds,12-13 years
Bernese Mountain Dog,WORKING GROUP »,25-27.5 inches (male),80-115 pounds (male),7-10 years
Bernese Mountain Dog,WORKING GROUP »,25-27.5 inches (male),80-115 pounds (male),7-10 years
Bichon Frise,NON-SPORTING GROUP »,9.5-11.5 inches,12-18 pounds,14-15 years
Bichon Frise,NON-SPORTING GROUP »,9.5-11.5 inches,12-18 pounds,14-15 years
Biewer Terrier,TOY GROUP »,7-11 inches,4-8 pounds,16 years
Biewer Terrier,TOY GROUP »,7-11 inches,4-8 pounds,16 years
Black and Tan Coonhound,HOUND GROUP »,25-27 inches (male),65-110 pounds,10-12 years
Black and Tan Coonhound,HOUND GROUP »,25-27 inches (male),65-110 pounds,10-12 years
Black Russian Terrier,WORKING GROUP »,27-30 inches (male),80-130 pounds,10-12 years
Black Russian Terrier,WORKING GROUP »,27-30 inches (male),80-130 pounds,10-12 years
Bloodhound,HOUND GROUP »,25-27 inches (male),90-110 pounds (male),10-12 years
Bloodhound,HOUND GROUP »,25-27 inches (male),90-110 pounds (male),10-12 years
Blue Picardy Spaniel,FOUNDATION STOCK SERVICE »,22 - 24 inches male,50-55 lbs males,11-12 years
Blue Picardy Spaniel,FOUNDATION STOCK SERVICE »,22 - 24 inches male,50-55 lbs males,11-12 years
Bluetick Coonhound,HOUND GROUP »,22-27 inches (male),55-80 pounds (male),11-12 years
Bluetick Coonhound,HOUND GROUP »,22-27 inches (male),55-80 pounds (male),11-12 years
Boerboel,WORKING GROUP »,24-27 inches (male),150-200 pounds,9-11 years
Boerboel,WORKING GROUP »,24-27 inches (male),150-200 pounds,9-11 years
Bohemian Shepherd,FOUNDATION STOCK SERVICE »,20.5-21.7 inches (males),41-60 pounds (males),12-15 years
Bohemian Shepherd,FOUNDATION STOCK SERVICE »,20.5-21.7 inches (males),41-60 pounds (males),12-15 years
Bergamasco Sheepdog,HERDING GROUP »,23.5 inches (male),70-84 pounds (male),13-15 years
Bolognese,MISCELLANEOUS CLASS »,10-12 inches,6-10 pounds,12-14 years
Border Collie,HERDING GROUP »,19-22 inches (male),30-55 pounds,12-15 years
Border Collie,HERDING GROUP »,19-22 inches (male),30-55 pounds,12-15 years
Border Terrier,TERRIER GROUP »,12-15 inches,13-15.5 pounds (male),12-15 years
Border Terrier,TERRIER GROUP »,12-15 inches,13-15.5 pounds (male),12-15 years
Borzoi,HOUND GROUP »,28 inches & up (male),75-105 pounds (male),9-14 years
Borzoi,HOUND GROUP »,28 inches & up (male),75-105 pounds (male),9-14 years
Boston Terrier,NON-SPORTING GROUP »,10-12 inches,12-25 pounds,11-13 years
Boston Terrier,NON-SPORTING GROUP »,10-12 inches,12-25 pounds,11-13 years
Bouvier des Ardennes,FOUNDATION STOCK SERVICE »,Male 22 - 24.5 inches Female 20.5 - 22 inches,Male 61.5 - 77.5 lbs Female 48.5 - 62 lbs,12-16 years
Bouvier des Ardennes,FOUNDATION STOCK SERVICE »,Male 22 - 24.5 inches Female 20.5 - 22 inches,Male 61.5 - 77.5 lbs Female 48.5 - 62 lbs,12-16 years
Bouvier des Flandres,HERDING GROUP »,24.5-27.5 inches (male),70-110 pounds,10-12 years
Bouvier des Flandres,HERDING GROUP »,24.5-27.5 inches (male),70-110 pounds,10-12 years
Boxer,WORKING GROUP »,23-25 inches (male),65-80 pounds (male),10-12 years
Boxer,WORKING GROUP »,23-25 inches (male),65-80 pounds (male),10-12 years
Boykin Spaniel,SPORTING GROUP »,15.5-18 inches (male),30-40 pounds (male),10-15 years
Boykin Spaniel,SPORTING GROUP »,15.5-18 inches (male),30-40 pounds (male),10-15 years
Bracco Italiano,SPORTING GROUP »,21-27 inches,55-90 pounds,10-14 years
Bracco Italiano,SPORTING GROUP »,21-27 inches,55-90 pounds,10-14 years
Braque du Bourbonnais,FOUNDATION STOCK SERVICE »,19-22.5 inches,35-53 pounds,10-12 years
Braque du Bourbonnais,FOUNDATION STOCK SERVICE »,19-22.5 inches,35-53 pounds,10-12 years
Braque Francais Pyrenean,FOUNDATION STOCK SERVICE »,18.5-23 inches,40-55 pounds,12-15 years
Braque Francais Pyrenean,FOUNDATION STOCK SERVICE »,18.5-23 inches,40-55 pounds,12-15 years
Bolognese,MISCELLANEOUS CLASS »,10-12 inches,6-10 pounds,12-14 years
Braque Saint-Germain,FOUNDATION STOCK SERVICE »,22-24 inches males,40 - 58 lbs,12-15 years
Brazilian Terrier,FOUNDATION STOCK SERVICE »,Males 13.7 - 15.7 inches,22 lbs,12-14 years
Brazilian Terrier,FOUNDATION STOCK SERVICE »,Males 13.7 - 15.7 inches,22 lbs,12-14 years
Briard,HERDING GROUP »,23-27 inches (male),55-100 pounds,12 years
Briard,HERDING GROUP »,23-27 inches (male),55-100 pounds,12 years
Brittany,SPORTING GROUP »,17.5-20.5 inches,30-40 pounds,12-14 years
Brittany,SPORTING GROUP »,17.5-20.5 inches,30-40 pounds,12-14 years
Broholmer,FOUNDATION STOCK SERVICE »,27.5-29.5 inches,90-150 pounds,8-10 years
Broholmer,FOUNDATION STOCK SERVICE »,27.5-29.5 inches,90-150 pounds,8-10 years
Brussels Griffon,TOY GROUP »,7-10 inches,8-10 pounds,12-15 years
Brussels Griffon,TOY GROUP »,7-10 inches,8-10 pounds,12-15 years
Bull Terrier,TERRIER GROUP »,21-22 inches,50-70 pounds,12-13 years
Bull Terrier,TERRIER GROUP »,21-22 inches,50-70 pounds,12-13 years
Bulldog,NON-SPORTING GROUP »,14-15 inches,50 pounds (male),8-10 years
Bulldog,NON-SPORTING GROUP »,14-15 inches,50 pounds (male),8-10 years
Bullmastiff,WORKING GROUP »,25-27 inches (male),110-130 pounds (male),7-9 years
Bullmastiff,WORKING GROUP »,25-27 inches (male),110-130 pounds (male),7-9 years
Cairn Terrier,TERRIER GROUP »,10 inches (male),14 pounds (male),13-15 years
Cairn Terrier,TERRIER GROUP »,10 inches (male),14 pounds (male),13-15 years
Canaan Dog,HERDING GROUP »,20-24 inches (male),45-55 pounds (male),12-15 years
Canaan Dog,HERDING GROUP »,20-24 inches (male),45-55 pounds (male),12-15 years
Cane Corso,WORKING GROUP »,25-27.5 inches (male),Proportionate to height,9-12 years
Cane Corso,WORKING GROUP »,25-27.5 inches (male),Proportionate to height,9-12 years
Braque Saint-Germain,FOUNDATION STOCK SERVICE »,22-24 inches males,40 - 58 lbs,12-15 years
Cardigan Welsh Corgi,HERDING GROUP »,10.5-12.5 inches,30-38 pounds (male),12-15 years
Carolina Dog,FOUNDATION STOCK SERVICE »,17.75-19.5 inches,30-55 pounds,12-15 years
Carolina Dog,FOUNDATION STOCK SERVICE »,17.75-19.5 inches,30-55 pounds,12-15 years
Catahoula Leopard Dog,FOUNDATION STOCK SERVICE »,22-24 inches,50-95 pounds,10-14 years
Catahoula Leopard Dog,FOUNDATION STOCK SERVICE »,22-24 inches,50-95 pounds,10-14 years
Caucasian Shepherd Dog,FOUNDATION STOCK SERVICE »,23-30 inches,99-170 pounds,10-12 years
Caucasian Shepherd Dog,FOUNDATION STOCK SERVICE »,23-30 inches,99-170 pounds,10-12 years
Cavalier King Charles Spaniel,TOY GROUP »,12-13 inches,13-18 pounds,12-15 years
Cavalier King Charles Spaniel,TOY GROUP »,12-13 inches,13-18 pounds,12-15 years
Central Asian Shepherd Dog,FOUNDATION STOCK SERVICE »,Minimum: 25.5-27.5 inches,Minimum: 88-110 pounds,years
Central Asian Shepherd Dog,FOUNDATION STOCK SERVICE »,Minimum: 25.5-27.5 inches,Minimum: 88-110 pounds,years
Cesky Terrier,TERRIER GROUP »,10-13 inches,14-24 pounds,12-15 years
Cesky Terrier,TERRIER GROUP »,10-13 inches,14-24 pounds,12-15 years
Chesapeake Bay Retriever,SPORTING GROUP »,23-26 inches (male),65-80 pounds (male),10-13 years
Chesapeake Bay Retriever,SPORTING GROUP »,23-26 inches (male),65-80 pounds (male),10-13 years
Chihuahua,TOY GROUP »,5-8 inches,not exceeding 6 pounds,14-16 years
Chihuahua,TOY GROUP »,5-8 inches,not exceeding 6 pounds,14-16 years
Chinese Crested,TOY GROUP »,11-13 inches,8-12 pounds,13-18 years
Chinese Crested,TOY GROUP »,11-13 inches,8-12 pounds,13-18 years
Chinese Shar-Pei,NON-SPORTING GROUP »,18-20 inches,45-60 pounds,8-12 years
Chinese Shar-Pei,NON-SPORTING GROUP »,18-20 inches,45-60 pounds,8-12 years
Chinook,WORKING GROUP »,24-26 inches (male),55-90 pounds (male),12-15 years
Chinook,WORKING GROUP »,24-26 inches (male),55-90 pounds (male),12-15 years
Cardigan Welsh Corgi,HERDING GROUP »,10.5-12.5 inches,30-38 pounds (male),12-15 years
Chow Chow,NON-SPORTING GROUP »,17-20 inches,45-70 pounds,8-12 years
Cirneco dell'Etna,HOUND GROUP »,18-20 inches (male),20-28 pounds (male),15-16 years
Cirneco dell'Etna,HOUND GROUP »,18-20 inches (male),20-28 pounds (male),15-16 years
Clumber Spaniel,SPORTING GROUP »,18-20 inches (male),70-85 pounds (male),10-12 years
Clumber Spaniel,SPORTING GROUP »,18-20 inches (male),70-85 pounds (male),10-12 years
Cocker Spaniel,SPORTING GROUP »,14.5-15.5 inches (male),25-30 pounds (male),10-14 years
Cocker Spaniel,SPORTING GROUP »,14.5-15.5 inches (male),25-30 pounds (male),10-14 years
Collie,HERDING GROUP »,24-26 inches (male),60-75 pounds (male),12-14 years
Collie,HERDING GROUP »,24-26 inches (male),60-75 pounds (male),12-14 years
Coton de Tulear,NON-SPORTING GROUP »,10-11 inches (male),9-15 pounds (male),15-19 years
Coton de Tulear,NON-SPORTING GROUP »,10-11 inches (male),9-15 pounds (male),15-19 years
Croatian Sheepdog,FOUNDATION STOCK SERVICE »,16-20 inches,29-44 pounds,13-14 years
Croatian Sheepdog,FOUNDATION STOCK SERVICE »,16-20 inches,29-44 pounds,13-14 years
Curly-Coated Retriever,SPORTING GROUP »,25-27 inches (male),60-95 pounds,10-12 years
Curly-Coated Retriever,SPORTING GROUP »,25-27 inches (male),60-95 pounds,10-12 years
Czechoslovakian Vlciak,MISCELLANEOUS CLASS »,Minimum: 25.5 males; 23.5 females,Minimum: 57 males; 44 females,12-16 years
Czechoslovakian Vlciak,MISCELLANEOUS CLASS »,Minimum: 25.5 males; 23.5 females,Minimum: 57 males; 44 females,12-16 years
Dachshund,HOUND GROUP »,8-9 inches (standard),16-32 pounds (standard),12-16 years
Dachshund,HOUND GROUP »,8-9 inches (standard),16-32 pounds (standard),12-16 years
Dalmatian,NON-SPORTING GROUP »,19-24 inches,45-70 pounds,11-13 years
Dalmatian,NON-SPORTING GROUP »,19-24 inches,45-70 pounds,11-13 years
Dandie Dinmont Terrier,TERRIER GROUP »,8-11 inches,18-24 pounds,12-15 years
Dandie Dinmont Terrier,TERRIER GROUP »,8-11 inches,18-24 pounds,12-15 years
Chow Chow,NON-SPORTING GROUP »,17-20 inches,45-70 pounds,8-12 years
Danish-Swedish Farmdog,MISCELLANEOUS CLASS »,12.5-14.5 inches,15-20 pounds,11-13 years
Deutscher Wachtelhund,FOUNDATION STOCK SERVICE »,18-21 inches,40-55 pounds,12-14 years
Deutscher Wachtelhund,FOUNDATION STOCK SERVICE »,18-21 inches,40-55 pounds,12-14 years
Doberman Pinscher,WORKING GROUP »,26-28 inches (male),75-100 pounds (male),10-12 years
Doberman Pinscher,WORKING GROUP »,26-28 inches (male),75-100 pounds (male),10-12 years
Dogo Argentino,WORKING GROUP »,24-26.5 inches (male),80-100 pounds,9-15 years
Dogo Argentino,WORKING GROUP »,24-26.5 inches (male),80-100 pounds,9-15 years
Dogue de Bordeaux,WORKING GROUP »,23.27 inches (male),110 pounds & up (male),5-8 years
Dogue de Bordeaux,WORKING GROUP »,23.27 inches (male),110 pounds & up (male),5-8 years
Drentsche Patrijshond,FOUNDATION STOCK SERVICE »,23-25 (males),70-73 (males),11-14 years
Drentsche Patrijshond,FOUNDATION STOCK SERVICE »,23-25 (males),70-73 (males),11-14 years
Drever,FOUNDATION STOCK SERVICE »,12-15 inches,35-40 pounds,15 years
Drever,FOUNDATION STOCK SERVICE »,12-15 inches,35-40 pounds,15 years
Dutch Shepherd,MISCELLANEOUS CLASS »,21.5-24.5 inches,42-75 pounds,11-14 years
Dutch Shepherd,MISCELLANEOUS CLASS »,21.5-24.5 inches,42-75 pounds,11-14 years
English Cocker Spaniel,SPORTING GROUP »,16-17 inches (male),28-34 pounds (male),12-14 years
English Cocker Spaniel,SPORTING GROUP »,16-17 inches (male),28-34 pounds (male),12-14 years
English Foxhound,HOUND GROUP »,24 inches,60-75 pounds,10-13 years
English Foxhound,HOUND GROUP »,24 inches,60-75 pounds,10-13 years
English Setter,SPORTING GROUP »,25-27 inches (male),65-80 pounds (male),12 years
English Setter,SPORTING GROUP »,25-27 inches (male),65-80 pounds (male),12 years
English Springer Spaniel,SPORTING GROUP »,20 inches (male),50 pounds (male),12-14 years
English Springer Spaniel,SPORTING GROUP »,20 inches (male),50 pounds (male),12-14 years
Danish-Swedish Farmdog,MISCELLANEOUS CLASS »,12.5-14.5 inches,15-20 pounds,11-13 years
English Toy Spaniel,TOY GROUP »,9-10 inches,8-14 pounds,10-12 years
Entlebucher Mountain Dog,HERDING GROUP »,17.5-20.5 inches (male),50-65 pounds (male),11-13 years
Entlebucher Mountain Dog,HERDING GROUP »,17.5-20.5 inches (male),50-65 pounds (male),11-13 years
Estrela Mountain Dog,FOUNDATION STOCK SERVICE »,24.5-29 inches,77-132 pounds,10-14 years
Estrela Mountain Dog,FOUNDATION STOCK SERVICE »,24.5-29 inches,77-132 pounds,10-14 years
Eurasier,FOUNDATION STOCK SERVICE »,19-24 inches,40-70 pounds,12-16 years
Eurasier,FOUNDATION STOCK SERVICE »,19-24 inches,40-70 pounds,12-16 years
Field Spaniel,SPORTING GROUP »,18 inches (male),35-50 pounds,12-13 years
Field Spaniel,SPORTING GROUP »,18 inches (male),35-50 pounds,12-13 years
Finnish Lapphund,HERDING GROUP »,18-21 inches (male),33-53 pounds,12-15 years
Finnish Lapphund,HERDING GROUP »,18-21 inches (male),33-53 pounds,12-15 years
Finnish Spitz,NON-SPORTING GROUP »,17.5-20 inches (male),25-33 pounds (male),13-15 years
Finnish Spitz,NON-SPORTING GROUP »,17.5-20 inches (male),25-33 pounds (male),13-15 years
Flat-Coated Retriever,SPORTING GROUP »,23-24.5 inches (male),60-70 pounds,8-10 years
Flat-Coated Retriever,SPORTING GROUP »,23-24.5 inches (male),60-70 pounds,8-10 years
French Bulldog,NON-SPORTING GROUP »,11-13 inches,under 28 pounds,10-12 years
French Bulldog,NON-SPORTING GROUP »,11-13 inches,under 28 pounds,10-12 years
French Spaniel,FOUNDATION STOCK SERVICE »,21.5-24 inches,50-60 pounds,10-12 years
French Spaniel,FOUNDATION STOCK SERVICE »,21.5-24 inches,50-60 pounds,10-12 years
German Longhaired Pointer,FOUNDATION STOCK SERVICE »,22-28 inches,55-80 pounds,12-14 years
German Longhaired Pointer,FOUNDATION STOCK SERVICE »,22-28 inches,55-80 pounds,12-14 years
German Pinscher,WORKING GROUP »,17-20 inches,25-45 pounds,12-14 years
German Pinscher,WORKING GROUP »,17-20 inches,25-45 pounds,12-14 years
English Toy Spaniel,TOY GROUP »,9-10 inches,8-14 pounds,10-12 years
German Shepherd Dog,HERDING GROUP »,24-26 inches (male),65-90 pounds (male),12-14 years
German Shorthaired Pointer,SPORTING GROUP »,23-25 inches (male),55-70 pounds (male),10-12 years
German Shorthaired Pointer,SPORTING GROUP »,23-25 inches (male),55-70 pounds (male),10-12 years
German Spitz,MISCELLANEOUS CLASS »,Toy 8 - 12,Toy 10-11 lbs,13-15 years
German Spitz,MISCELLANEOUS CLASS »,Toy 8 - 12,Toy 10-11 lbs,13-15 years
German Wirehaired Pointer,SPORTING GROUP »,24-26 inches (male),50-70 pounds,14-16 years
German Wirehaired Pointer,SPORTING GROUP »,24-26 inches (male),50-70 pounds,14-16 years
Giant Schnauzer,WORKING GROUP »,25.5-27.5 inches (male),75-95 pounds (male),10-13 years
Giant Schnauzer,WORKING GROUP »,25.5-27.5 inches (male),75-95 pounds (male),10-13 years
Glen of Imaal Terrier,TERRIER GROUP »,12.5-14 inches,32-40 pounds,10-15 years
Glen of Imaal Terrier,TERRIER GROUP »,12.5-14 inches,32-40 pounds,10-15 years
Golden Retriever,SPORTING GROUP »,23-24 inches (male),65-75 pounds (male),10-12 years
Golden Retriever,SPORTING GROUP »,23-24 inches (male),65-75 pounds (male),10-12 years
Gordon Setter,SPORTING GROUP »,24-27 inches (male),55-80 pounds (male),12-13 years
Gordon Setter,SPORTING GROUP »,24-27 inches (male),55-80 pounds (male),12-13 years
Grand Basset Griffon Vendéen,HOUND GROUP »,15.5-18 inches,40-45 pounds,13-15 years
Grand Basset Griffon Vendéen,HOUND GROUP »,15.5-18 inches,40-45 pounds,13-15 years
Great Dane,WORKING GROUP »,30-32 inches (male),140-175 pounds (male),7-10 years
Great Dane,WORKING GROUP »,30-32 inches (male),140-175 pounds (male),7-10 years
Great Pyrenees,WORKING GROUP »,27-32 inches (male),100 pounds & up (male),10-12 years
Great Pyrenees,WORKING GROUP »,27-32 inches (male),100 pounds & up (male),10-12 years
Greater Swiss Mountain Dog,WORKING GROUP »,25.5-28.5 inches (male),115-140 pounds (male),8-11 years
Greater Swiss Mountain Dog,WORKING GROUP »,25.5-28.5 inches (male),115-140 pounds (male),8-11 years
German Shepherd Dog,HERDING GROUP »,24-26 inches (male),65-90 pounds (male),12-14 years
Greyhound,HOUND GROUP »,28-30 inches (male),65-70 pounds (male),10-13 years
Hamiltonstovare,FOUNDATION STOCK SERVICE »,19-24 inches,40-75 pounds,14-17 years
Hamiltonstovare,FOUNDATION STOCK SERVICE »,19-24 inches,40-75 pounds,14-17 years
Hanoverian Scenthound,FOUNDATION STOCK SERVICE »,19-21 inches,79-99 pounds,10-14 years
Hanoverian Scenthound,FOUNDATION STOCK SERVICE »,19-21 inches,79-99 pounds,10-14 years
Harrier,HOUND GROUP »,19-21 inches,45-60 pounds,12-15 years
Harrier,HOUND GROUP »,19-21 inches,45-60 pounds,12-15 years
Havanese,TOY GROUP »,8.5-11.5 inches,7-13 pounds,14-16 years
Havanese,TOY GROUP »,8.5-11.5 inches,7-13 pounds,14-16 years
Hokkaido,FOUNDATION STOCK SERVICE »,18-20 inches,44-66 pounds,12-15 years
Hokkaido,FOUNDATION STOCK SERVICE »,18-20 inches,44-66 pounds,12-15 years
Hovawart,FOUNDATION STOCK SERVICE »,23-28 inches,65-90 pounds,10-14 years
Hovawart,FOUNDATION STOCK SERVICE »,23-28 inches,65-90 pounds,10-14 years
Ibizan Hound,HOUND GROUP »,23.5-27.5 inches (male),50 pounds (male),11-14 years
Ibizan Hound,HOUND GROUP »,23.5-27.5 inches (male),50 pounds (male),11-14 years
Icelandic Sheepdog,HERDING GROUP »,18 inches (male),30 pounds (male),12-14 years
Icelandic Sheepdog,HERDING GROUP »,18 inches (male),30 pounds (male),12-14 years
Irish Red and White Setter,SPORTING GROUP »,24.5-26 inches (male),42-60 pounds (male),11-15 years
Irish Red and White Setter,SPORTING GROUP »,24.5-26 inches (male),42-60 pounds (male),11-15 years
Irish Setter,SPORTING GROUP »,27 inches (male),70 pounds (male),12-15 years
Irish Setter,SPORTING GROUP »,27 inches (male),70 pounds (male),12-15 years
Irish Terrier,TERRIER GROUP »,18 inches,27 pounds (male),13-15 years
Irish Terrier,TERRIER GROUP »,18 inches,27 pounds (male),13-15 years
Greyhound,HOUND GROUP »,28-30 inches (male),65-70 pounds (male),10-13 years
Irish Water Spaniel,SPORTING GROUP »,22-24 inches (male),55-68 pounds (male),12-13 years
Irish Wolfhound,HOUND GROUP »,32 inches minimum (male),120 pounds (male),6-8 years
Irish Wolfhound,HOUND GROUP »,32 inches minimum (male),120 pounds (male),6-8 years
Italian Greyhound,TOY GROUP »,13-15 inches,7-14 pounds,14-15 years
Italian Greyhound,TOY GROUP »,13-15 inches,7-14 pounds,14-15 years
Jagdterrier,FOUNDATION STOCK SERVICE »,13-16 inches,17-22 pounds,10-12 years
Jagdterrier,FOUNDATION STOCK SERVICE »,13-16 inches,17-22 pounds,10-12 years
Japanese Akitainu,MISCELLANEOUS CLASS »,25-27.5 inches (male),65-75 pounds (male),10-12 years
Japanese Akitainu,MISCELLANEOUS CLASS »,25-27.5 inches (male),65-75 pounds (male),10-12 years
Japanese Chin,TOY GROUP »,8-11 inches,7-11 pounds,10-12 years
Japanese Chin,TOY GROUP »,8-11 inches,7-11 pounds,10-12 years
Japanese Spitz,FOUNDATION STOCK SERVICE »,12-15 inches,10-25 pounds,10-14 years
Japanese Spitz,FOUNDATION STOCK SERVICE »,12-15 inches,10-25 pounds,10-14 years
Japanese Terrier,FOUNDATION STOCK SERVICE »,10-13 inches,10-12 lbs,13-15 years
Japanese Terrier,FOUNDATION STOCK SERVICE »,10-13 inches,10-12 lbs,13-15 years
Kai Ken,MISCELLANEOUS CLASS »,18.5 - 19.5 (males),30-40 (males),12-15 years
Kai Ken,MISCELLANEOUS CLASS »,18.5 - 19.5 (males),30-40 (males),12-15 years
Karelian Bear Dog,FOUNDATION STOCK SERVICE »,19-23.5 inches,44-49 pounds,11-13 years
Karelian Bear Dog,FOUNDATION STOCK SERVICE »,19-23.5 inches,44-49 pounds,11-13 years
Keeshond,NON-SPORTING GROUP »,18 inches (male),35-45 pounds,12-15 years
Keeshond,NON-SPORTING GROUP »,18 inches (male),35-45 pounds,12-15 years
Kerry Blue Terrier,TERRIER GROUP »,18-19.5 inches (male),33-40 pounds (male),12-15 years
Kerry Blue Terrier,TERRIER GROUP »,18-19.5 inches (male),33-40 pounds (male),12-15 years
Irish Water Spaniel,SPORTING GROUP »,22-24 inches (male),55-68 pounds (male),12-13 years
Kishu Ken,FOUNDATION STOCK SERVICE »,19-22 inches,30-60 pounds,12-15 years
Komondor,WORKING GROUP »,27.5 minimum inches (male),100 pounds or more (male),10-12 years
Komondor,WORKING GROUP »,27.5 minimum inches (male),100 pounds or more (male),10-12 years
Korean Jindo Dog,FOUNDATION STOCK SERVICE »,19-22 (males),40 -50 (males),14-15 years
Korean Jindo Dog,FOUNDATION STOCK SERVICE »,19-22 (males),40 -50 (males),14-15 years
Kromfohrlander,FOUNDATION STOCK SERVICE »,15-18 inches,20-35 pounds,13-15 years
Kromfohrlander,FOUNDATION STOCK SERVICE »,15-18 inches,20-35 pounds,13-15 years
Kuvasz,WORKING GROUP »,28-30 inches (male),100-115 pounds (male),10-12 years
Kuvasz,WORKING GROUP »,28-30 inches (male),100-115 pounds (male),10-12 years
Labrador Retriever,SPORTING GROUP »,22.5-24.5 inches (male),65-80 pounds (male),11-13 years
Labrador Retriever,SPORTING GROUP »,22.5-24.5 inches (male),65-80 pounds (male),11-13 years
Lagotto Romagnolo,SPORTING GROUP »,17-19 inches (male),28.5-35 pounds (male),15-17 years
Lagotto Romagnolo,SPORTING GROUP »,17-19 inches (male),28.5-35 pounds (male),15-17 years
Lakeland Terrier,TERRIER GROUP »,14.5-15 inches (male),17 pounds (male),12-15 years
Lakeland Terrier,TERRIER GROUP »,14.5-15 inches (male),17 pounds (male),12-15 years
Lancashire Heeler,HERDING GROUP »,10-12 inches,9-17 pounds,12-15 years
Lancashire Heeler,HERDING GROUP »,10-12 inches,9-17 pounds,12-15 years
Lapponian Herder,FOUNDATION STOCK SERVICE »,18-20 inches,70 pounds,10-14 years
Lapponian Herder,FOUNDATION STOCK SERVICE »,18-20 inches,70 pounds,10-14 years
Large Munsterlander,FOUNDATION STOCK SERVICE »,23 - 26.5 inches,50 - 70 lbs,12-14 years
Large Munsterlander,FOUNDATION STOCK SERVICE »,23 - 26.5 inches,50 - 70 lbs,12-14 years
Leonberger,WORKING GROUP »,28-31.5 inches (male),110-170 pounds (male),7 years
Leonberger,WORKING GROUP »,28-31.5 inches (male),110-170 pounds (male),7 years
Kishu Ken,FOUNDATION STOCK SERVICE »,19-22 inches,30-60 pounds,12-15 years
Lhasa Apso,NON-SPORTING GROUP »,10-11 inches (male),12-18 pounds,12-15 years
Löwchen,NON-SPORTING GROUP »,12-14 inches,15 pounds,13-15 years
Löwchen,NON-SPORTING GROUP »,12-14 inches,15 pounds,13-15 years
Maltese,TOY GROUP »,7-9 inches,under 7 pounds,12-15 years
Maltese,TOY GROUP »,7-9 inches,under 7 pounds,12-15 years
Manchester Terrier (Standard),TERRIER GROUP »,15-16 inches,12-22 pounds,15-17 years
Manchester Terrier (Standard),TERRIER GROUP »,15-16 inches,12-22 pounds,15-17 years
Manchester Terrier (Toy),TOY GROUP »,10-12 inches,under 12 pounds,15-17 years
Manchester Terrier (Toy),TOY GROUP »,10-12 inches,under 12 pounds,15-17 years
Mastiff,WORKING GROUP »,30 inches & up (male),160-230 pounds (male),6-10 years
Mastiff,WORKING GROUP »,30 inches & up (male),160-230 pounds (male),6-10 years
Miniature American Shepherd,HERDING GROUP »,14-18 inches (male),20-40 pounds,12-13 years
Miniature American Shepherd,HERDING GROUP »,14-18 inches (male),20-40 pounds,12-13 years
Miniature Bull Terrier,TERRIER GROUP »,10-14 inches,18-28 pounds,11-13 years
Miniature Bull Terrier,TERRIER GROUP »,10-14 inches,18-28 pounds,11-13 years
Miniature Pinscher,TOY GROUP »,10-12.5 inches,8-10 pounds,12-16 years
Miniature Pinscher,TOY GROUP »,10-12.5 inches,8-10 pounds,12-16 years
Miniature Schnauzer,TERRIER GROUP »,12-14 inches,11-20 pounds,12-15 years
Miniature Schnauzer,TERRIER GROUP »,12-14 inches,11-20 pounds,12-15 years
Mountain Cur,FOUNDATION STOCK SERVICE »,18 - 26 (males),30-60 pounds,10-13 years
Mountain Cur,FOUNDATION STOCK SERVICE »,18 - 26 (males),30-60 pounds,10-13 years
Mudi,HERDING GROUP »,15-18.5 inches,18-29 pounds,12-14 years
Mudi,HERDING GROUP »,15-18.5 inches,18-29 pounds,12-14 years
Lhasa Apso,NON-SPORTING GROUP »,10-11 inches (male),12-18 pounds,12-15 years
Neapolitan Mastiff,WORKING GROUP »,26-31 inches (male),150 pounds (male),7-9 years
Nederlandse Kooikerhondje,SPORTING GROUP »,"Dogs 16""",20 - 30 lbs,12-15 years
Nederlandse Kooikerhondje,SPORTING GROUP »,"Dogs 16""",20 - 30 lbs,12-15 years
Newfoundland,WORKING GROUP »,28 inches (average male),130-150 pounds (male),9-10 years
Newfoundland,WORKING GROUP »,28 inches (average male),130-150 pounds (male),9-10 years
Norfolk Terrier,TERRIER GROUP »,9-10 inches,11-12 pounds,12-16 years
Norfolk Terrier,TERRIER GROUP »,9-10 inches,11-12 pounds,12-16 years
Norrbottenspets,MISCELLANEOUS CLASS »,16.5-18 inches,20-30 pounds,14-17 years
Norrbottenspets,MISCELLANEOUS CLASS »,16.5-18 inches,20-30 pounds,14-17 years
Norwegian Buhund,HERDING GROUP »,17-18.5 inches (male),31-40 pounds (male),12-15 years
Norwegian Buhund,HERDING GROUP »,17-18.5 inches (male),31-40 pounds (male),12-15 years
Norwegian Elkhound,HOUND GROUP »,20.5 inches (male),55 pounds (male),12-15 years
Norwegian Elkhound,HOUND GROUP »,20.5 inches (male),55 pounds (male),12-15 years
Norwegian Lundehund,NON-SPORTING GROUP »,13-15 inches (male),15-18 lbs (male),12-15 years
Norwegian Lundehund,NON-SPORTING GROUP »,13-15 inches (male),15-18 lbs (male),12-15 years
Norwich Terrier,TERRIER GROUP »,10 inches,12 pounds,12-15 years
Norwich Terrier,TERRIER GROUP »,10 inches,12 pounds,12-15 years
Nova Scotia Duck Tolling Retriever,SPORTING GROUP »,18-21 inches (male),35-50 pounds,12-14 years
Nova Scotia Duck Tolling Retriever,SPORTING GROUP »,18-21 inches (male),35-50 pounds,12-14 years
Old English Sheepdog,HERDING GROUP »,22 inches & up (male),60-100 pounds,10-12 years
Old English Sheepdog,HERDING GROUP »,22 inches & up (male),60-100 pounds,10-12 years
Otterhound,HOUND GROUP »,27 inches (male),115 pounds (male),10-13 years
Otterhound,HOUND GROUP »,27 inches (male),115 pounds (male),10-13 years
Neapolitan Mastiff,WORKING GROUP »,26-31 inches (male),150 pounds (male),7-9 years
Papillon,TOY GROUP »,8-11 inches,5-10 pounds,14-16 years
Parson Russell Terrier,TERRIER GROUP »,14 inches (male),13-17 pounds,13-15 years
Parson Russell Terrier,TERRIER GROUP »,14 inches (male),13-17 pounds,13-15 years
Pekingese,TOY GROUP »,6-9 inches,up to 14 pounds,12-14 years
Pekingese,TOY GROUP »,6-9 inches,up to 14 pounds,12-14 years
Pembroke Welsh Corgi,HERDING GROUP »,10-12 inches,up to 30 pounds (male),12-13 years
Pembroke Welsh Corgi,HERDING GROUP »,10-12 inches,up to 30 pounds (male),12-13 years
Peruvian Inca Orchid,MISCELLANEOUS CLASS »,9.75-15.75 inches (small) 15.75-19.75 inches (medium) 19.75-25.75 inches (large),8.5-17.5 pounds (small) 17.5-26.5 pounds (medium) 26.5-55 pounds (large),12-14 years
Peruvian Inca Orchid,MISCELLANEOUS CLASS »,9.75-15.75 inches (small) 15.75-19.75 inches (medium) 19.75-25.75 inches (large),8.5-17.5 pounds (small) 17.5-26.5 pounds (medium) 26.5-55 pounds (large),12-14 years
Petit Basset Griffon Vendéen,HOUND GROUP »,13-15 inches,25-40 pounds,14-16 years
Petit Basset Griffon Vendéen,HOUND GROUP »,13-15 inches,25-40 pounds,14-16 years
Pharaoh Hound,HOUND GROUP »,23-25 inches (male),45-55 pounds,12-14 years
Pharaoh Hound,HOUND GROUP »,23-25 inches (male),45-55 pounds,12-14 years
Plott Hound,HOUND GROUP »,20-25 inches (male),50-60 pounds (male),12-14 years
Plott Hound,HOUND GROUP »,20-25 inches (male),50-60 pounds (male),12-14 years
Pointer,SPORTING GROUP »,25-28 inches (male),55-75 pounds (male),12-17 years
Pointer,SPORTING GROUP »,25-28 inches (male),55-75 pounds (male),12-17 years
Polish Lowland Sheepdog,HERDING GROUP »,18-20 inches (male),30-50 pounds,12-14 years
Polish Lowland Sheepdog,HERDING GROUP »,18-20 inches (male),30-50 pounds,12-14 years
Pomeranian,TOY GROUP »,6-7 inches,3-7 pounds,12-16 years
Pomeranian,TOY GROUP »,6-7 inches,3-7 pounds,12-16 years
Pont-Audemer Spaniel,FOUNDATION STOCK SERVICE »,20 - 23 Inches,38 - 48 males lbs,12-14 years
Pont-Audemer Spaniel,FOUNDATION STOCK SERVICE »,20 - 23 Inches,38 - 48 males lbs,12-14 years
Papillon,TOY GROUP »,8-11 inches,5-10 pounds,14-16 years
Poodle (Miniature),NON-SPORTING GROUP »,10-15 inches,10-15 pounds,10-18 years
Poodle (Standard),NON-SPORTING GROUP »,over 15 inches (standard),60-70 pounds (male standard),10-18 years
Poodle (Standard),NON-SPORTING GROUP »,over 15 inches (standard),60-70 pounds (male standard),10-18 years
Poodle (Toy),TOY GROUP »,No more than 10 inches,4-6 pounds,10-18 years
Poodle (Toy),TOY GROUP »,No more than 10 inches,4-6 pounds,10-18 years
Porcelaine,FOUNDATION STOCK SERVICE »,22-23 inches,55-62 pounds,12-13 years
Porcelaine,FOUNDATION STOCK SERVICE »,22-23 inches,55-62 pounds,12-13 years
Portuguese Podengo,MISCELLANEOUS CLASS »,22-28 inches (large) 16-22 inches (medium),44-66 pounds (large) 35-44 pounds (medium),10-15 years
Portuguese Podengo,MISCELLANEOUS CLASS »,22-28 inches (large) 16-22 inches (medium),44-66 pounds (large) 35-44 pounds (medium),10-15 years
Portuguese Podengo Pequeno,HOUND GROUP »,8-12 inches,9-13 pounds,12-15 years
Portuguese Podengo Pequeno,HOUND GROUP »,8-12 inches,9-13 pounds,12-15 years
Portuguese Pointer,FOUNDATION STOCK SERVICE »,20.5-22 inches,35-59 pounds,14 years
Portuguese Pointer,FOUNDATION STOCK SERVICE »,20.5-22 inches,35-59 pounds,14 years
Portuguese Sheepdog,FOUNDATION STOCK SERVICE »,16.5-21.5 inches,37.5-59 pounds,12-13 years
Portuguese Sheepdog,FOUNDATION STOCK SERVICE »,16.5-21.5 inches,37.5-59 pounds,12-13 years
Portuguese Water Dog,WORKING GROUP »,20-23 inches (male),42-60 pounds (male),11-13 years
Portuguese Water Dog,WORKING GROUP »,20-23 inches (male),42-60 pounds (male),11-13 years
Presa Canario,FOUNDATION STOCK SERVICE »,22-26 inches,84-110 pounds,9-11 years
Presa Canario,FOUNDATION STOCK SERVICE »,22-26 inches,84-110 pounds,9-11 years
Pudelpointer,FOUNDATION STOCK SERVICE »,22-26 inches,45-70 pounds,14 years
Pudelpointer,FOUNDATION STOCK SERVICE »,22-26 inches,45-70 pounds,14 years
Pug,TOY GROUP »,10-13 inches,14-18 pounds,13-15 years
Pug,TOY GROUP »,10-13 inches,14-18 pounds,13-15 years
Poodle (Miniature),NON-SPORTING GROUP »,10-15 inches,10-15 pounds,10-18 years
Puli,HERDING GROUP »,17 inches (male),25-35 pounds,10-15 years
Pumi,HERDING GROUP »,16-18.5 inches (male),27-29 pounds (male),12-13 years
Pumi,HERDING GROUP »,16-18.5 inches (male),27-29 pounds (male),12-13 years
Pyrenean Mastiff,MISCELLANEOUS CLASS »,Males 30-31 inches,120-190 pounds,10-12 years
Pyrenean Mastiff,MISCELLANEOUS CLASS »,Males 30-31 inches,120-190 pounds,10-12 years
Pyrenean Shepherd,HERDING GROUP »,15.5-18.5 inches (male rough-faced),15-30 pounds,17-19 years
Pyrenean Shepherd,HERDING GROUP »,15.5-18.5 inches (male rough-faced),15-30 pounds,17-19 years
Rafeiro do Alentejo,FOUNDATION STOCK SERVICE »,25-29 inches,77-132 pounds,12-14 years
Rafeiro do Alentejo,FOUNDATION STOCK SERVICE »,25-29 inches,77-132 pounds,12-14 years
Rat Terrier,TERRIER GROUP »,10-13 inches (miniature),10-25 pounds,12-18 years
Rat Terrier,TERRIER GROUP »,10-13 inches (miniature),10-25 pounds,12-18 years
Redbone Coonhound,HOUND GROUP »,22-27 inches (male),45-70 pounds,12-15 years
Redbone Coonhound,HOUND GROUP »,22-27 inches (male),45-70 pounds,12-15 years
Rhodesian Ridgeback,HOUND GROUP »,25-27 inches (male),85 pounds (male),10-12 years
Rhodesian Ridgeback,HOUND GROUP »,25-27 inches (male),85 pounds (male),10-12 years
Romanian Carpathian Shepherd,FOUNDATION STOCK SERVICE »,26-29 Males,70 - 100 lbs,12-14 years
Romanian Carpathian Shepherd,FOUNDATION STOCK SERVICE »,26-29 Males,70 - 100 lbs,12-14 years
Romanian Mioritic Shepherd Dog,FOUNDATION STOCK SERVICE »,27-29 inches (males),100-130 lbs,12-14 years
Romanian Mioritic Shepherd Dog,FOUNDATION STOCK SERVICE »,27-29 inches (males),100-130 lbs,12-14 years
Rottweiler,WORKING GROUP »,24-27 inches (male),95-135 pounds (male),9-10 years
Rottweiler,WORKING GROUP »,24-27 inches (male),95-135 pounds (male),9-10 years
Russell Terrier,TERRIER GROUP »,10-12 inches,9-15 pounds,12-14 years
Russell Terrier,TERRIER GROUP »,10-12 inches,9-15 pounds,12-14 years
Puli,HERDING GROUP »,17 inches (male),25-35 pounds,10-15 years
Russian Toy,TOY GROUP »,8-11 inches,Up to 6.5 pounds,12-14 years
Russian Tsvetnaya Bolonka,MISCELLANEOUS CLASS »,11 inches,6 - 9 pounds,14-20 years
Russian Tsvetnaya Bolonka,MISCELLANEOUS CLASS »,11 inches,6 - 9 pounds,14-20 years
Saint Bernard,WORKING GROUP »,28-30 inches (males),140-180 pounds (male),8-10 years
Saint Bernard,WORKING GROUP »,28-30 inches (males),140-180 pounds (male),8-10 years
Saluki,HOUND GROUP »,23-28 inches (male),40-65 pounds,10-17 years
Saluki,HOUND GROUP »,23-28 inches (male),40-65 pounds,10-17 years
Samoyed,WORKING GROUP »,21-23.5 inches (male),45-65 pounds (male),12-14 years
Samoyed,WORKING GROUP »,21-23.5 inches (male),45-65 pounds (male),12-14 years
Schapendoes,FOUNDATION STOCK SERVICE »,16-20 inches,26-55 pounds,12-15 years
Schapendoes,FOUNDATION STOCK SERVICE »,16-20 inches,26-55 pounds,12-15 years
Schipperke,NON-SPORTING GROUP »,11-13 inches (male),10-16 pounds,12-16 years
Schipperke,NON-SPORTING GROUP »,11-13 inches (male),10-16 pounds,12-16 years
Scottish Deerhound,HOUND GROUP »,30-32 inches (male),85-110 pounds (male),8-11 years
Scottish Deerhound,HOUND GROUP »,30-32 inches (male),85-110 pounds (male),8-11 years
Scottish Terrier,TERRIER GROUP »,10 inches,19-22 pounds (male),12 years
Scottish Terrier,TERRIER GROUP »,10 inches,19-22 pounds (male),12 years
Sealyham Terrier,TERRIER GROUP »,10.5 inches,23-24 pounds (male),12-14 years
Sealyham Terrier,TERRIER GROUP »,10.5 inches,23-24 pounds (male),12-14 years
Segugio Italiano,FOUNDATION STOCK SERVICE »,19.5 - 24.5 inches males,39 - 62 lbs,11-13 years
Segugio Italiano,FOUNDATION STOCK SERVICE »,19.5 - 24.5 inches males,39 - 62 lbs,11-13 years
Shetland Sheepdog,HERDING GROUP »,13-16 inches,15-25 pounds,12-14 years
Shetland Sheepdog,HERDING GROUP »,13-16 inches,15-25 pounds,12-14 years
Russian Toy,TOY GROUP »,8-11 inches,Up to 6.5 pounds,12-14 years
Shiba Inu,NON-SPORTING GROUP »,14.5-16.5 inches (male),23 pounds (male),13-16 years
Shih Tzu,TOY GROUP »,9-10.5 inches,9-16 pounds,10-18 years
Shih Tzu,TOY GROUP »,9-10.5 inches,9-16 pounds,10-18 years
Shikoku,FOUNDATION STOCK SERVICE »,17-22 inches,35-55 pounds,10-12 years
Shikoku,FOUNDATION STOCK SERVICE »,17-22 inches,35-55 pounds,10-12 years
Siberian Husky,WORKING GROUP »,21-23.5 inches (male),45-60 pounds (male),12-14 years
Siberian Husky,WORKING GROUP »,21-23.5 inches (male),45-60 pounds (male),12-14 years
Silky Terrier,TOY GROUP »,9-10 inches,around 10 pounds,13-15 years
Silky Terrier,TOY GROUP »,9-10 inches,around 10 pounds,13-15 years
Skye Terrier,TERRIER GROUP »,10 inches (male),35-45 pounds (male),12-14 years
Skye Terrier,TERRIER GROUP »,10 inches (male),35-45 pounds (male),12-14 years
Sloughi,HOUND GROUP »,26-29 inches (male),40 -65 pounds,10-15 years
Sloughi,HOUND GROUP »,26-29 inches (male),40 -65 pounds,10-15 years
Slovakian Wirehaired Pointer,FOUNDATION STOCK SERVICE »,24.5-26.5 in (male),50-65 lbs,12-15 years
Slovakian Wirehaired Pointer,FOUNDATION STOCK SERVICE »,24.5-26.5 in (male),50-65 lbs,12-15 years
Slovensky Cuvac,FOUNDATION STOCK SERVICE »,23-27.5 inches,68-97 pounds,11-13 years
Slovensky Cuvac,FOUNDATION STOCK SERVICE »,23-27.5 inches,68-97 pounds,11-13 years
Slovensky Kopov,FOUNDATION STOCK SERVICE »,16-20 inches,33-44 pounds,12-13 years
Slovensky Kopov,FOUNDATION STOCK SERVICE »,16-20 inches,33-44 pounds,12-13 years
Small Munsterlander,MISCELLANEOUS CLASS »,20.5-21 inches,40-60 pounds,12-14 years
Small Munsterlander,MISCELLANEOUS CLASS »,20.5-21 inches,40-60 pounds,12-14 years
Smooth Fox Terrier,TERRIER GROUP »,15½ inches,18 pounds (male),12-15 years
Smooth Fox Terrier,TERRIER GROUP »,15½ inches,18 pounds (male),12-15 years
Shiba Inu,NON-SPORTING GROUP »,14.5-16.5 inches (male),23 pounds (male),13-16 years
Soft Coated Wheaten Terrier,TERRIER GROUP »,18-19 inches (male),35-40 pounds (male),12-14 years
Spanish Mastiff,FOUNDATION STOCK SERVICE »,Minimum 28-35 inches,140-200 pounds,10-12 years
Spanish Mastiff,FOUNDATION STOCK SERVICE »,Minimum 28-35 inches,140-200 pounds,10-12 years
Spanish Water Dog,HERDING GROUP »,17.5-19.75 inches (male),40-49 pounds (male),12-14 years
Spanish Water Dog,HERDING GROUP »,17.5-19.75 inches (male),40-49 pounds (male),12-14 years
Spinone Italiano,SPORTING GROUP »,23-27 inches (male),In direct proportion to size and structure of a dog,10-12 years
Spinone Italiano,SPORTING GROUP »,23-27 inches (male),In direct proportion to size and structure of a dog,10-12 years
Stabyhoun,FOUNDATION STOCK SERVICE »,19-21 inches,40-60 pounds,13-15 years
Stabyhoun,FOUNDATION STOCK SERVICE »,19-21 inches,40-60 pounds,13-15 years
Staffordshire Bull Terrier,TERRIER GROUP »,14-16 inches,28-38 pounds (male),12-14 years
Staffordshire Bull Terrier,TERRIER GROUP »,14-16 inches,28-38 pounds (male),12-14 years
Standard Schnauzer,WORKING GROUP »,18.5-19.5 inches (male),35-50 pounds (male),13-16 years
Standard Schnauzer,WORKING GROUP »,18.5-19.5 inches (male),35-50 pounds (male),13-16 years
Sussex Spaniel,SPORTING GROUP »,13-15 inches,35-45 pounds,13-15 years
Sussex Spaniel,SPORTING GROUP »,13-15 inches,35-45 pounds,13-15 years
Swedish Lapphund,FOUNDATION STOCK SERVICE »,16-20 inches,30-45 pounds,12-14 years
Swedish Lapphund,FOUNDATION STOCK SERVICE »,16-20 inches,30-45 pounds,12-14 years
Swedish Vallhund,HERDING GROUP »,12.5-13.75 inches (male),20-35 pounds,12-15 years
Swedish Vallhund,HERDING GROUP »,12.5-13.75 inches (male),20-35 pounds,12-15 years
Taiwan Dog,FOUNDATION STOCK SERVICE »,17-20 inches,26-40 pounds,9-13 years
Taiwan Dog,FOUNDATION STOCK SERVICE »,17-20 inches,26-40 pounds,9-13 years
Teddy Roosevelt Terrier,MISCELLANEOUS CLASS »,8-14 inches,8-25 pounds,14-16 years
Teddy Roosevelt Terrier,MISCELLANEOUS CLASS »,8-14 inches,8-25 pounds,14-16 years
Soft Coated Wheaten Terrier,TERRIER GROUP »,18-19 inches (male),35-40 pounds (male),12-14 years
Thai Bangkaew,FOUNDATION STOCK SERVICE »,18-21 inches males,40-43 males,14-17 years
Thai Ridgeback,FOUNDATION STOCK SERVICE »,20-24 inches,35-75 pounds,14-15 years
Thai Ridgeback,FOUNDATION STOCK SERVICE »,20-24 inches,35-75 pounds,14-15 years
Tibetan Mastiff,WORKING GROUP »,minimum 26 inches (male),90-150 pounds (male),10-12 years
Tibetan Mastiff,WORKING GROUP »,minimum 26 inches (male),90-150 pounds (male),10-12 years
Tibetan Spaniel,NON-SPORTING GROUP »,10 inches,9-15 pounds,12-15 years
Tibetan Spaniel,NON-SPORTING GROUP »,10 inches,9-15 pounds,12-15 years
Tibetan Terrier,NON-SPORTING GROUP »,14-17 inches,18-30 pounds (male),15-16 years
Tibetan Terrier,NON-SPORTING GROUP »,14-17 inches,18-30 pounds (male),15-16 years
Tornjak,FOUNDATION STOCK SERVICE »,23-28 inches,62-110 pounds,12-14 years
Tornjak,FOUNDATION STOCK SERVICE »,23-28 inches,62-110 pounds,12-14 years
Tosa,FOUNDATION STOCK SERVICE »,Minimum 21.5-23.5 inches,100-200 pounds,10-12 years
Tosa,FOUNDATION STOCK SERVICE »,Minimum 21.5-23.5 inches,100-200 pounds,10-12 years
Toy Fox Terrier,TOY GROUP »,8.5-11.5 inches,4 - 9 lbs,13-15 years
Toy Fox Terrier,TOY GROUP »,8.5-11.5 inches,4 - 9 lbs,13-15 years
Transylvanian Hound,FOUNDATION STOCK SERVICE »,22-26 inches,Minimum 55 pounds,10-14 years
Transylvanian Hound,FOUNDATION STOCK SERVICE »,22-26 inches,Minimum 55 pounds,10-14 years
Treeing Tennessee Brindle,FOUNDATION STOCK SERVICE »,16-24 inches,30-50 pounds,10-12 years
Treeing Tennessee Brindle,FOUNDATION STOCK SERVICE »,16-24 inches,30-50 pounds,10-12 years
Treeing Walker Coonhound,HOUND GROUP »,22-27 inches (male),50-70 pounds,12-13 years
Treeing Walker Coonhound,HOUND GROUP »,22-27 inches (male),50-70 pounds,12-13 years
Vizsla,SPORTING GROUP »,22-24 inches (male),55-60 pounds (male),12-14 years
Vizsla,SPORTING GROUP »,22-24 inches (male),55-60 pounds (male),12-14 years
Thai Bangkaew,FOUNDATION STOCK SERVICE »,18-21 inches males,40-43 males,14-17 years
Volpino Italiano,FOUNDATION STOCK SERVICE »,10.5-12 inches,10-16 pounds (males),12-15 years
Weimaraner,SPORTING GROUP »,25-27 inches (male),70-90 pounds (male),10-13 years
Weimaraner,SPORTING GROUP »,25-27 inches (male),70-90 pounds (male),10-13 years
Welsh Springer Spaniel,SPORTING GROUP »,18-19 inches (male),40-55 pounds (male),12-15 years
Welsh Springer Spaniel,SPORTING GROUP »,18-19 inches (male),40-55 pounds (male),12-15 years
Welsh Terrier,TERRIER GROUP »,15 inches (male),20 pounds (male),12-15 years
Welsh Terrier,TERRIER GROUP »,15 inches (male),20 pounds (male),12-15 years
West Highland White Terrier,TERRIER GROUP »,11 inches (male),15-20 pounds,13-15 years
West Highland White Terrier,TERRIER GROUP »,11 inches (male),15-20 pounds,13-15 years
Wetterhoun,FOUNDATION STOCK SERVICE »,23 inches (male),50-75 pounds,13 years
Wetterhoun,FOUNDATION STOCK SERVICE »,23 inches (male),50-75 pounds,13 years
Whippet,HOUND GROUP »,19-22 inches (male),25-40 pounds,12-15 years
Whippet,HOUND GROUP »,19-22 inches (male),25-40 pounds,12-15 years
Wire Fox Terrier,TERRIER GROUP »,15½ inches,18 pounds (male),12-15 years
Wire Fox Terrier,TERRIER GROUP »,15½ inches,18 pounds (male),12-15 years
Wirehaired Pointing Griffon,SPORTING GROUP »,22-24 inches (male),50-70 pounds (male),12-15 years
Wirehaired Pointing Griffon,SPORTING GROUP »,22-24 inches (male),50-70 pounds (male),12-15 years
Wirehaired Vizsla,SPORTING GROUP »,23-25 inches (male),55-65 pounds (male),12-14 years
Wirehaired Vizsla,SPORTING GROUP »,23-25 inches (male),55-65 pounds (male),12-14 years
Working Kelpie,FOUNDATION STOCK SERVICE »,19-25 inches,28-60 pounds,12-15 years
Working Kelpie,FOUNDATION STOCK SERVICE »,19-25 inches,28-60 pounds,12-15 years
Xoloitzcuintli,NON-SPORTING GROUP »,10-14 inches (toy),10-15 pounds (toy),13-18 years
Xoloitzcuintli,NON-SPORTING GROUP »,10-14 inches (toy),10-15 pounds (toy),13-18 years
Volpino Italiano,FOUNDATION STOCK SERVICE »,10.5-12 inches,10-16 pounds (males),12-15 years
Yakutian Laika,MISCELLANEOUS CLASS »,21-23 inches,40-55 pounds,10-12 years
Yorkshire Terrier,TOY GROUP »,7-8 inches,7 pounds,11-15 years
Yorkshire Terrier,TOY GROUP »,7-8 inches,7 pounds,11-15 years
